date,city,Tomatoes_Fresh,PMS_Price,Bus_Intercity,Veg_Oil,Rice
2026-07-01,Abuja,341.7,1237.28413,8503.216059821863,4612.95,2130.0975
2026-07-01,Bauchi,247.22999999999996,1332.2395449999997,6205.038286714851,7597.799999999999,4015.98
2026-07-01,Kano,321.59999999999997,1236.3364149999998,6702.655656960814,5698.35,3391.7561918936667
2026-07-01,Lagos,1155.7499999999998,1213.40332,8810.323624884499,5924.757242202758,2081.768990573287
2026-07-01,Onitsha,861.9392321102321,1275.270240640851,6468.335811520255,401.59799999999996,4748.625
2026-07-01,Port_Harcourt,1331.6249999999998,1212.33601,6835.117852569451,3256.2,1548.8371296869516
2026-08-01,Abuja,300.0,1247.1110199999998,8529.014840055908,4477.275,2075.8275
2026-08-01,Bauchi,283.40999999999997,1357.645945,6229.304125078449,7597.799999999999,4015.98
2026-08-01,Kano,361.79999999999995,1241.958385,6724.807016492288,5698.35,3366.1238423159343
2026-08-01,Lagos,1256.2499999999998,1228.4883699999998,8877.437922658764,6195.3650625228875,2116.8803793910142
2026-08-01,Onitsha,887.7314518377184,1262.5983219926457,6487.442769635869,401.59799999999996,4748.625
2026-08-01,Port_Harcourt,1361.7749999999999,1212.60736,6857.122017752142,3283.335,1494.4377104879022
2026-09-01,Abuja,300.0,1256.93791,8592.169132528383,4341.599999999999,2021.5575
2026-09-01,Bauchi,319.59,1383.052345,6253.569963442046,7597.799999999999,4015.98
2026-09-01,Kano,401.99999999999994,1247.580355,6746.958376023764,5698.35,3392.3638660629094
2026-09-01,Lagos,1356.7499999999998,1243.57342,8930.804788435487,6478.0895871877665,2161.885354255736
2026-09-01,Onitsha,894.6804530516266,1257.735851560978,6506.5497277514805,401.59799999999996,4748.625
2026-09-01,Port_Harcourt,1391.925,1212.87871,6879.126182934831,3310.47,1477.2820743460356
2026-10-01,Abuja,300.0,1266.7648,8638.364666287505,4205.924999999999,1967.2875
2026-10-01,Bauchi,355.77,1408.458745,6277.835801805644,7597.799999999999,4015.98
2026-10-01,Kano,442.19999999999993,1253.202325,6769.10973555524,5698.35,3425.5789462133866
2026-10-01,Lagos,1457.2499999999998,1258.6584699999999,8970.104344963123,6772.088682925701,2200.977567117959
2026-10-01,Onitsha,894.2926786713301,1259.9205920259005,6525.656685867093,401.59799999999996,4748.625
2026-10-01,Port_Harcourt,1422.0749999999998,1213.15006,6901.130348117521,3337.605,1468.874460987389
2026-11-01,Abuja,300.0,1276.5916900000002,8669.490678375007,4070.2499999999995,1913.0175000000002
2026-11-01,Bauchi,391.94999999999993,1433.8651450000002,6302.101640169242,7597.799999999999,4015.98
2026-11-01,Kano,482.4,1258.8242950000001,6791.261095086716,5698.35,3449.0737263654914
2026-11-01,Lagos,1557.7499999999998,1273.7435199999998,9018.677280061618,7064.039215242862,2243.0142029412837
2026-11-01,Onitsha,898.6293565068393,1264.577565313759,6544.763643982705,401.59799999999996,4748.625
2026-11-01,Port_Harcourt,1452.225,1213.42141,6923.134513300211,3364.74,1465.142819306463
2026-12-01,Abuja,300.0,1286.41858,8713.895318938405,3934.575,1858.7475
2026-12-01,Bauchi,428.12999999999994,1459.2715449999998,6326.36747853284,7597.799999999999,4015.98
2026-12-01,Kano,522.5999999999999,1264.4462649999998,6813.41245461819,5698.35,3475.8378314188867
2026-12-01,Lagos,1658.2499999999998,1288.82857,9066.217393624136,7347.46225054264,2282.4541390652953
2026-12-01,Onitsha,897.2385735757648,1267.6782539393923,6563.870602098317,401.59799999999996,4748.625
2026-12-01,Port_Harcourt,1482.3749999999998,1213.69276,6945.138678482902,3391.8749999999995,1460.106871560752
