date,sell_city,seller_id,buyer_id,ask_price,bid_price,clear_price,source_cost,source_city,home_city,seller_surplus,buyer_surplus,is_away_trade
2026-07-01,Abuja,11,21,307.53,358.78,333.16,256.27,Abuja,Abuja,768.8300170898438,85.43000030517578,False
2026-07-01,Abuja,13,23,307.53,358.78,333.16,256.27,Abuja,Abuja,768.8300170898438,85.43000030517578,False
2026-07-01,Abuja,14,24,307.53,358.78,333.16,256.27,Abuja,Abuja,768.8300170898438,85.43000030517578,False
2026-07-01,Abuja,20,26,307.53,358.78,333.16,256.27,Abuja,Abuja,768.8300170898438,85.43000030517578,False
2026-07-01,Bauchi,65,85,222.51,259.59,241.05,185.42,Bauchi,Bauchi,556.27001953125,61.810001373291016,False
2026-07-01,Bauchi,73,86,222.51,259.59,241.05,185.42,Bauchi,Bauchi,556.27001953125,61.810001373291016,False
2026-07-01,Bauchi,78,88,222.51,259.59,241.05,185.42,Bauchi,Bauchi,556.27001953125,61.810001373291016,False
2026-07-01,Bauchi,82,89,222.51,259.59,241.05,185.42,Bauchi,Bauchi,556.27001953125,61.810001373291016,False
2026-07-01,Kano,129,149,289.44,337.68,313.56,241.2,Kano,Kano,723.5999755859375,80.4000015258789,False
2026-07-01,Kano,131,150,289.44,337.68,313.56,241.2,Kano,Kano,723.5999755859375,80.4000015258789,False
2026-07-01,Kano,140,151,289.44,337.68,313.56,241.2,Kano,Kano,723.5999755859375,80.4000015258789,False
2026-07-01,Kano,144,153,289.44,337.68,313.56,241.2,Kano,Kano,723.5999755859375,80.4000015258789,False
2026-07-01,Kano,148,155,289.44,337.68,313.56,241.2,Kano,Kano,723.5999755859375,80.4000015258789,False
2026-07-01,Lagos,194,214,1040.17,1213.54,1126.86,866.81,Lagos,Lagos,2600.43994140625,288.94000244140625,False
2026-07-01,Lagos,196,215,1040.17,1213.54,1126.86,866.81,Lagos,Lagos,2600.43994140625,288.94000244140625,False
2026-07-01,Lagos,199,216,1040.17,1213.54,1126.86,866.81,Lagos,Lagos,2600.43994140625,288.94000244140625,False
2026-07-01,Lagos,203,218,1040.17,1213.54,1126.86,866.81,Lagos,Lagos,2600.43994140625,288.94000244140625,False
2026-07-01,Lagos,205,220,1040.17,1213.54,1126.86,866.81,Lagos,Lagos,2600.43994140625,288.94000244140625,False
2026-07-01,Lagos,209,221,1040.17,1213.54,1126.86,866.81,Lagos,Lagos,2600.43994140625,288.94000244140625,False
2026-07-01,Onitsha,264,278,775.75,905.04,840.39,646.45,Onitsha,Onitsha,1939.3599853515625,215.47999572753906,False
2026-07-01,Onitsha,266,279,775.75,905.04,840.39,646.45,Onitsha,Onitsha,1939.3599853515625,215.47999572753906,False
2026-07-01,Onitsha,274,280,775.75,905.04,840.39,646.45,Onitsha,Onitsha,1939.3599853515625,215.47999572753906,False
2026-07-01,Port_Harcourt,321,341,1198.46,1398.21,1298.33,998.72,Port_Harcourt,Port_Harcourt,2996.159912109375,332.9100036621094,False
2026-07-01,Port_Harcourt,322,342,1198.46,1398.21,1298.33,998.72,Port_Harcourt,Port_Harcourt,2996.159912109375,332.9100036621094,False
2026-07-01,Port_Harcourt,323,343,1198.46,1398.21,1298.33,998.72,Port_Harcourt,Port_Harcourt,2996.159912109375,332.9100036621094,False
2026-07-01,Port_Harcourt,328,344,1198.46,1398.21,1298.33,998.72,Port_Harcourt,Port_Harcourt,2996.159912109375,332.9100036621094,False
2026-07-01,Port_Harcourt,331,345,1198.46,1398.21,1298.33,998.72,Port_Harcourt,Port_Harcourt,2996.159912109375,332.9100036621094,False
2026-07-01,Port_Harcourt,334,346,1198.46,1398.21,1298.33,998.72,Port_Harcourt,Port_Harcourt,2996.159912109375,332.9100036621094,False
2026-08-01,Abuja,3,21,270.0,315.0,292.5,225.0,Abuja,Abuja,675.0,75.0,False
2026-08-01,Abuja,7,23,270.0,315.0,292.5,225.0,Abuja,Abuja,675.0,75.0,False
2026-08-01,Abuja,10,24,270.0,315.0,292.5,225.0,Abuja,Abuja,675.0,75.0,False
2026-08-01,Abuja,12,25,270.0,315.0,292.5,225.0,Abuja,Abuja,675.0,75.0,False
2026-08-01,Abuja,15,26,270.0,315.0,292.5,225.0,Abuja,Abuja,675.0,75.0,False
2026-08-01,Abuja,16,28,270.0,315.0,292.5,225.0,Abuja,Abuja,675.0,75.0,False
2026-08-01,Abuja,19,30,270.0,315.0,292.5,225.0,Abuja,Abuja,675.0,75.0,False
2026-08-01,Abuja,1,31,285.0,315.0,300.0,646.45,Onitsha,Abuja,0.0,0.0,True
2026-08-01,Abuja,2,32,285.0,315.0,300.0,646.45,Onitsha,Abuja,0.0,0.0,True
2026-08-01,Abuja,4,33,285.0,315.0,300.0,646.45,Onitsha,Abuja,0.0,0.0,True
2026-08-01,Abuja,5,34,285.0,315.0,300.0,646.45,Onitsha,Abuja,0.0,0.0,True
2026-08-01,Abuja,6,35,285.0,315.0,300.0,646.45,Onitsha,Abuja,0.0,0.0,True
2026-08-01,Bauchi,74,86,255.07,297.58,276.32,212.56,Bauchi,Bauchi,637.6699829101562,70.8499984741211,False
2026-08-01,Bauchi,77,87,255.07,297.58,276.32,212.56,Bauchi,Bauchi,637.6699829101562,70.8499984741211,False
2026-08-01,Bauchi,68,88,269.24,297.58,283.41,646.45,Onitsha,Bauchi,0.0,0.0,True
2026-08-01,Bauchi,71,89,269.24,297.58,283.41,646.45,Onitsha,Bauchi,0.0,0.0,True
2026-08-01,Bauchi,72,91,269.24,297.58,283.41,646.45,Onitsha,Bauchi,0.0,0.0,True
2026-08-01,Bauchi,76,94,269.24,297.58,283.41,646.45,Onitsha,Bauchi,0.0,0.0,True
2026-08-01,Bauchi,81,95,269.24,297.58,283.41,646.45,Onitsha,Bauchi,0.0,0.0,True
2026-08-01,Bauchi,83,96,269.24,297.58,283.41,646.45,Onitsha,Bauchi,0.0,0.0,True
2026-08-01,Bauchi,84,97,269.24,297.58,283.41,646.45,Onitsha,Bauchi,0.0,0.0,True
2026-08-01,Kano,129,149,301.5,379.89,340.7,271.35,Kano,Kano,693.4500122070312,211.0500030517578,False
2026-08-01,Kano,144,151,301.5,379.89,340.7,271.35,Kano,Kano,693.4500122070312,211.0500030517578,False
2026-08-01,Kano,134,152,325.62,379.89,352.76,271.35,Kano,Kano,814.0499877929688,90.44999694824219,False
2026-08-01,Kano,138,153,325.62,379.89,352.76,271.35,Kano,Kano,814.0499877929688,90.44999694824219,False
2026-08-01,Kano,130,154,343.71,379.89,361.8,646.45,Onitsha,Kano,0.0,0.0,True
2026-08-01,Kano,132,155,343.71,379.89,361.8,646.45,Onitsha,Kano,0.0,0.0,True
2026-08-01,Kano,136,156,343.71,379.89,361.8,646.45,Onitsha,Kano,0.0,0.0,True
2026-08-01,Kano,143,157,343.71,379.89,361.8,646.45,Onitsha,Kano,0.0,0.0,True
2026-08-01,Lagos,197,213,951.35,1319.06,1135.21,646.45,Onitsha,Lagos,4887.52978515625,1210.4300537109375,True
2026-08-01,Lagos,200,214,951.35,1319.06,1135.21,646.45,Onitsha,Lagos,4887.52978515625,1210.4300537109375,True
2026-08-01,Lagos,201,215,951.35,1319.06,1135.21,646.45,Onitsha,Lagos,4887.52978515625,1210.4300537109375,True
2026-08-01,Lagos,204,216,951.35,1319.06,1135.21,646.45,Onitsha,Lagos,4887.52978515625,1210.4300537109375,True
2026-08-01,Lagos,202,217,1130.62,1319.06,1224.84,942.19,Lagos,Lagos,2826.56005859375,314.05999755859375,False
2026-08-01,Lagos,212,219,1130.62,1319.06,1224.84,942.19,Lagos,Lagos,2826.56005859375,314.05999755859375,False
2026-08-01,Onitsha,264,277,767.09,932.12,849.61,665.8,Onitsha,Onitsha,1838.0699462890625,381.260009765625,False
2026-08-01,Onitsha,263,283,798.96,932.12,865.54,665.8,Onitsha,Onitsha,1997.4000244140625,221.92999267578125,False
2026-08-01,Onitsha,273,285,798.96,932.12,865.54,665.8,Onitsha,Onitsha,1997.4000244140625,221.92999267578125,False
2026-08-01,Onitsha,265,286,843.34,932.12,887.73,998.72,Port_Harcourt,Onitsha,0.0,0.0,True
2026-08-01,Onitsha,269,287,843.34,932.12,887.73,998.72,Port_Harcourt,Onitsha,0.0,0.0,True
2026-08-01,Onitsha,270,288,843.34,932.12,887.73,998.72,Port_Harcourt,Onitsha,0.0,0.0,True
2026-08-01,Onitsha,272,289,843.34,932.12,887.73,998.72,Port_Harcourt,Onitsha,0.0,0.0,True
2026-08-01,Port_Harcourt,325,343,1004.11,1429.86,1216.99,646.45,Onitsha,Port_Harcourt,5705.35009765625,1447.8599853515625,True
2026-08-01,Port_Harcourt,329,345,1004.11,1429.86,1216.99,646.45,Onitsha,Port_Harcourt,5705.35009765625,1447.8599853515625,True
2026-08-01,Port_Harcourt,330,346,1004.11,1429.86,1216.99,646.45,Onitsha,Port_Harcourt,5705.35009765625,1447.8599853515625,True
2026-08-01,Port_Harcourt,333,347,1004.11,1429.86,1216.99,646.45,Onitsha,Port_Harcourt,5705.35009765625,1447.8599853515625,True
2026-08-01,Port_Harcourt,340,348,1004.11,1429.86,1216.99,646.45,Onitsha,Port_Harcourt,5705.35009765625,1447.8599853515625,True
2026-08-01,Port_Harcourt,332,349,1225.6,1429.86,1327.73,1021.33,Port_Harcourt,Port_Harcourt,3063.989990234375,340.44000244140625,False
2026-08-01,Port_Harcourt,339,350,1225.6,1429.86,1327.73,1021.33,Port_Harcourt,Port_Harcourt,3063.989990234375,340.44000244140625,False
2026-09-01,Abuja,15,22,262.5,315.0,288.75,225.0,Abuja,Abuja,637.5,112.5,False
2026-09-01,Abuja,11,23,278.14,315.0,296.57,225.0,Abuja,Abuja,715.6900024414062,34.310001373291016,False
2026-09-01,Abuja,13,24,278.14,315.0,296.57,225.0,Abuja,Abuja,715.6900024414062,34.310001373291016,False
2026-09-01,Abuja,9,25,285.0,315.0,300.0,665.8,Onitsha,Abuja,0.0,0.0,True
2026-09-01,Abuja,18,26,285.0,315.0,300.0,665.8,Onitsha,Abuja,0.0,0.0,True
2026-09-01,Abuja,20,27,285.0,315.0,300.0,665.8,Onitsha,Abuja,0.0,0.0,True
2026-09-01,Bauchi,70,85,287.63,335.57,311.6,239.69,Bauchi,Bauchi,719.0800170898438,79.9000015258789,False
2026-09-01,Bauchi,75,86,287.63,335.57,311.6,239.69,Bauchi,Bauchi,719.0800170898438,79.9000015258789,False
2026-09-01,Bauchi,65,88,303.61,335.57,319.59,665.8,Onitsha,Bauchi,0.0,0.0,True
2026-09-01,Bauchi,78,89,303.61,335.57,319.59,665.8,Onitsha,Bauchi,0.0,0.0,True
2026-09-01,Kano,148,149,321.6,422.1,371.85,301.5,Kano,Kano,703.5,301.5,False
2026-09-01,Kano,144,150,336.67,422.1,379.39,301.5,Kano,Kano,778.8699951171875,226.1300048828125,False
2026-09-01,Kano,137,152,361.8,422.1,391.95,301.5,Kano,Kano,904.5,100.5,False
2026-09-01,Kano,146,153,361.8,422.1,391.95,301.5,Kano,Kano,904.5,100.5,False
2026-09-01,Kano,136,154,381.9,422.1,402.0,301.5,Kano,Kano,1005.0,0.0,False
2026-09-01,Lagos,194,214,1011.27,1424.59,1217.93,665.8,Onitsha,Lagos,5521.31982421875,1388.18994140625,True
2026-09-01,Lagos,203,216,1011.27,1424.59,1217.93,665.8,Onitsha,Lagos,5521.31982421875,1388.18994140625,True
2026-09-01,Lagos,209,217,1011.27,1424.59,1217.93,665.8,Onitsha,Lagos,5521.31982421875,1388.18994140625,True
2026-09-01,Lagos,195,219,1221.07,1424.59,1322.83,1017.56,Lagos,Lagos,3052.68994140625,339.19000244140625,False
2026-09-01,Onitsha,264,277,780.24,939.41,859.83,671.01,Onitsha,Onitsha,1888.1700439453125,348.5299987792969,False
2026-09-01,Onitsha,261,278,805.21,939.41,872.31,671.01,Onitsha,Onitsha,2013.030029296875,223.6699981689453,False
2026-09-01,Onitsha,271,279,805.21,939.41,872.31,671.01,Onitsha,Onitsha,2013.030029296875,223.6699981689453,False
2026-09-01,Onitsha,257,286,849.95,939.41,894.68,1021.33,Port_Harcourt,Onitsha,0.0,0.0,True
2026-09-01,Onitsha,259,287,849.95,939.41,894.68,1021.33,Port_Harcourt,Onitsha,0.0,0.0,True
2026-09-01,Onitsha,260,288,849.95,939.41,894.68,1021.33,Port_Harcourt,Onitsha,0.0,0.0,True
2026-09-01,Onitsha,265,289,849.95,939.41,894.68,671.01,Onitsha,Onitsha,2236.699951171875,0.0,False
2026-09-01,Onitsha,268,291,849.95,939.41,894.68,1021.33,Port_Harcourt,Onitsha,0.0,0.0,True
2026-09-01,Onitsha,275,293,849.95,939.41,894.68,1021.33,Port_Harcourt,Onitsha,0.0,0.0,True
2026-09-01,Port_Harcourt,330,343,1019.19,1461.52,1240.36,1043.94,Port_Harcourt,Port_Harcourt,1964.1199951171875,1515.699951171875,False
2026-09-01,Port_Harcourt,333,345,1019.19,1461.52,1240.36,1043.94,Port_Harcourt,Port_Harcourt,1964.1199951171875,1515.699951171875,False
2026-09-01,Port_Harcourt,340,346,1019.19,1461.52,1240.36,1043.94,Port_Harcourt,Port_Harcourt,1964.1199951171875,1515.699951171875,False
2026-09-01,Port_Harcourt,322,347,1028.86,1461.52,1245.19,665.8,Onitsha,Port_Harcourt,5793.93017578125,1467.3399658203125,True
2026-09-01,Port_Harcourt,334,348,1028.86,1461.52,1245.19,665.8,Onitsha,Port_Harcourt,5793.93017578125,1467.3399658203125,True
2026-09-01,Port_Harcourt,336,349,1028.86,1461.52,1245.19,665.8,Onitsha,Port_Harcourt,5793.93017578125,1467.3399658203125,True
2026-09-01,Port_Harcourt,331,350,1195.32,1461.52,1328.42,1043.94,Port_Harcourt,Port_Harcourt,2844.780029296875,635.030029296875,False
2026-09-01,Port_Harcourt,327,351,1252.73,1461.52,1357.13,1043.94,Port_Harcourt,Port_Harcourt,3131.830078125,347.9800109863281,False
2026-09-01,Port_Harcourt,337,354,1252.73,1461.52,1357.13,1043.94,Port_Harcourt,Port_Harcourt,3131.830078125,347.9800109863281,False
2026-10-01,Abuja,12,21,262.5,315.0,288.75,225.0,Abuja,Abuja,637.5,112.5,False
2026-10-01,Abuja,15,22,262.5,315.0,288.75,225.0,Abuja,Abuja,637.5,112.5,False
2026-10-01,Abuja,17,23,270.0,315.0,292.5,225.0,Abuja,Abuja,675.0,75.0,False
2026-10-01,Abuja,1,24,285.0,315.0,300.0,671.01,Onitsha,Abuja,0.0,0.0,True
2026-10-01,Abuja,2,26,285.0,315.0,300.0,671.01,Onitsha,Abuja,0.0,0.0,True
2026-10-01,Abuja,3,27,285.0,315.0,300.0,671.01,Onitsha,Abuja,0.0,0.0,True
2026-10-01,Abuja,5,28,285.0,315.0,300.0,671.01,Onitsha,Abuja,0.0,0.0,True
2026-10-01,Abuja,6,29,285.0,315.0,300.0,671.01,Onitsha,Abuja,0.0,0.0,True
2026-10-01,Abuja,9,30,285.0,315.0,300.0,225.0,Abuja,Abuja,750.0,0.0,False
2026-10-01,Abuja,10,31,285.0,315.0,300.0,671.01,Onitsha,Abuja,0.0,0.0,True
2026-10-01,Abuja,14,32,285.0,315.0,300.0,671.01,Onitsha,Abuja,0.0,0.0,True
2026-10-01,Bauchi,73,85,270.6,373.56,322.08,266.83,Bauchi,Bauchi,552.5,336.92999267578125,False
2026-10-01,Bauchi,74,86,284.16,373.56,328.86,266.83,Bauchi,Bauchi,620.3400268554688,269.0899963378906,False
2026-10-01,Bauchi,77,88,284.16,373.56,328.86,266.83,Bauchi,Bauchi,620.3400268554688,269.0899963378906,False
2026-10-01,Bauchi,67,89,320.19,373.56,346.88,266.83,Bauchi,Bauchi,800.47998046875,88.94000244140625,False
2026-10-01,Bauchi,66,90,337.98,373.56,355.77,671.01,Onitsha,Bauchi,0.0,0.0,True
2026-10-01,Bauchi,71,91,337.98,373.56,355.77,671.01,Onitsha,Bauchi,0.0,0.0,True
2026-10-01,Bauchi,78,93,337.98,373.56,355.77,266.83,Bauchi,Bauchi,889.4199829101562,0.0,False
2026-10-01,Bauchi,79,94,337.98,373.56,355.77,671.01,Onitsha,Bauchi,0.0,0.0,True
2026-10-01,Bauchi,81,95,337.98,373.56,355.77,671.01,Onitsha,Bauchi,0.0,0.0,True
2026-10-01,Bauchi,84,96,337.98,373.56,355.77,671.01,Onitsha,Bauchi,0.0,0.0,True
2026-10-01,Kano,136,152,371.85,464.31,418.08,331.65,Kano,Kano,864.2999877929688,241.1999969482422,False
2026-10-01,Kano,147,153,397.98,464.31,431.14,331.65,Kano,Kano,994.9500122070312,110.55000305175781,False
2026-10-01,Kano,130,154,420.09,464.31,442.2,331.65,Kano,Kano,1105.5,0.0,False
2026-10-01,Kano,131,155,420.09,464.31,442.2,671.01,Onitsha,Kano,0.0,0.0,True
2026-10-01,Kano,134,156,420.09,464.31,442.2,671.01,Onitsha,Kano,0.0,0.0,True
2026-10-01,Kano,142,157,420.09,464.31,442.2,671.01,Onitsha,Kano,0.0,0.0,True
2026-10-01,Lagos,194,213,1061.52,1530.11,1295.82,1092.94,Lagos,Lagos,2028.81005859375,1614.3199462890625,False
2026-10-01,Lagos,199,214,1064.13,1530.11,1297.12,671.01,Onitsha,Lagos,6261.10986328125,1601.2900390625,True
2026-10-01,Lagos,200,215,1064.13,1530.11,1297.12,671.01,Onitsha,Lagos,6261.10986328125,1601.2900390625,True
2026-10-01,Lagos,205,217,1064.13,1530.11,1297.12,671.01,Onitsha,Lagos,6261.10986328125,1601.2900390625,True
2026-10-01,Lagos,206,218,1064.13,1530.11,1297.12,671.01,Onitsha,Lagos,6261.10986328125,1601.2900390625,True
2026-10-01,Lagos,208,219,1064.13,1530.11,1297.12,671.01,Onitsha,Lagos,6261.10986328125,1601.2900390625,True
2026-10-01,Lagos,212,221,1064.13,1530.11,1297.12,671.01,Onitsha,Lagos,6261.10986328125,1601.2900390625,True
2026-10-01,Lagos,195,223,1237.41,1530.11,1383.76,1092.94,Lagos,Lagos,2908.219970703125,734.9099731445312,False
2026-10-01,Onitsha,257,277,849.58,939.01,894.29,670.72,Onitsha,Onitsha,2235.72998046875,0.0,False
2026-10-01,Onitsha,270,278,849.58,939.01,894.29,1043.94,Port_Harcourt,Onitsha,0.0,0.0,True
2026-10-01,Onitsha,275,279,849.58,939.01,894.29,670.72,Onitsha,Onitsha,2235.72998046875,0.0,False
2026-10-01,Port_Harcourt,321,342,1046.54,1493.18,1269.86,671.01,Onitsha,Port_Harcourt,5988.5,1522.1400146484375,True
2026-10-01,Port_Harcourt,329,343,1046.54,1493.18,1269.86,671.01,Onitsha,Port_Harcourt,5988.5,1522.1400146484375,True
2026-10-01,Port_Harcourt,339,345,1046.54,1493.18,1269.86,671.01,Onitsha,Port_Harcourt,5988.5,1522.1400146484375,True
2026-10-01,Port_Harcourt,323,347,1210.4,1493.18,1351.79,1066.56,Port_Harcourt,Port_Harcourt,2852.31005859375,702.8699951171875,False
2026-11-01,Abuja,7,21,262.5,315.0,288.75,225.0,Abuja,Abuja,637.5,112.5,False
2026-11-01,Abuja,2,23,285.0,315.0,300.0,225.0,Abuja,Abuja,750.0,0.0,False
2026-11-01,Abuja,4,25,285.0,315.0,300.0,225.0,Abuja,Abuja,750.0,0.0,False
2026-11-01,Abuja,8,27,285.0,315.0,300.0,670.72,Onitsha,Abuja,0.0,0.0,True
2026-11-01,Abuja,14,29,285.0,315.0,300.0,225.0,Abuja,Abuja,750.0,0.0,False
2026-11-01,Bauchi,82,88,288.69,411.55,350.12,293.96,Bauchi,Bauchi,561.5399780273438,418.3299865722656,False
2026-11-01,Bauchi,67,89,329.39,411.55,370.47,293.96,Bauchi,Bauchi,765.0599975585938,214.82000732421875,False
2026-11-01,Bauchi,73,90,329.39,411.55,370.47,293.96,Bauchi,Bauchi,765.0599975585938,214.82000732421875,False
2026-11-01,Bauchi,77,91,329.39,411.55,370.47,293.96,Bauchi,Bauchi,765.0599975585938,214.82000732421875,False
2026-11-01,Bauchi,70,92,372.35,411.55,391.95,670.72,Onitsha,Bauchi,0.0,0.0,True
2026-11-01,Bauchi,71,93,372.35,411.55,391.95,293.96,Bauchi,Bauchi,979.8800048828125,0.0,False
2026-11-01,Bauchi,72,94,372.35,411.55,391.95,670.72,Onitsha,Bauchi,0.0,0.0,True
2026-11-01,Bauchi,79,95,372.35,411.55,391.95,293.96,Bauchi,Bauchi,979.8800048828125,0.0,False
2026-11-01,Bauchi,80,96,372.35,411.55,391.95,670.72,Onitsha,Bauchi,0.0,0.0,True
2026-11-01,Bauchi,83,98,372.35,411.55,391.95,670.72,Onitsha,Bauchi,0.0,0.0,True
2026-11-01,Kano,146,151,391.95,506.52,449.24,361.8,Kano,Kano,874.3499755859375,331.6499938964844,False
2026-11-01,Kano,145,152,434.16,506.52,470.34,361.8,Kano,Kano,1085.4000244140625,120.5999984741211,False
2026-11-01,Kano,131,153,458.28,506.52,482.4,361.8,Kano,Kano,1206.0,0.0,False
2026-11-01,Kano,134,154,458.28,506.52,482.4,361.8,Kano,Kano,1206.0,0.0,False
2026-11-01,Kano,135,155,458.28,506.52,482.4,670.72,Onitsha,Kano,0.0,0.0,True
2026-11-01,Kano,140,158,458.28,506.52,482.4,670.72,Onitsha,Kano,0.0,0.0,True
2026-11-01,Kano,144,159,458.28,506.52,482.4,670.72,Onitsha,Kano,0.0,0.0,True
2026-11-01,Lagos,196,213,1114.23,1635.64,1374.94,670.72,Onitsha,Lagos,7042.169921875,1828.1400146484375,True
2026-11-01,Lagos,198,214,1114.23,1635.64,1374.94,670.72,Onitsha,Lagos,7042.169921875,1828.1400146484375,True
2026-11-01,Lagos,201,216,1114.23,1635.64,1374.94,670.72,Onitsha,Lagos,7042.169921875,1828.1400146484375,True
2026-11-01,Lagos,202,217,1114.23,1635.64,1374.94,670.72,Onitsha,Lagos,7042.169921875,1828.1400146484375,True
2026-11-01,Lagos,204,218,1114.23,1635.64,1374.94,670.72,Onitsha,Lagos,7042.169921875,1828.1400146484375,True
2026-11-01,Lagos,195,219,1325.34,1635.64,1480.49,1168.31,Lagos,Lagos,3121.780029296875,772.5900268554688,False
2026-11-01,Lagos,211,220,1401.97,1635.64,1518.81,1168.31,Lagos,Lagos,3504.93994140625,389.44000244140625,False
2026-11-01,Onitsha,266,277,772.54,943.56,858.05,673.97,Onitsha,Onitsha,1840.7900390625,405.7799987792969,False
2026-11-01,Onitsha,274,280,772.54,943.56,858.05,673.97,Onitsha,Onitsha,1840.7900390625,405.7799987792969,False
2026-11-01,Onitsha,257,281,784.67,943.56,864.12,673.97,Onitsha,Onitsha,1901.4599609375,345.1199951171875,False
2026-11-01,Onitsha,265,282,784.82,943.56,864.19,673.97,Onitsha,Onitsha,1902.1800537109375,344.3900146484375,False
2026-11-01,Onitsha,258,283,808.77,943.56,876.16,673.97,Onitsha,Onitsha,2021.9200439453125,224.66000366210938,False
2026-11-01,Onitsha,259,285,853.7,943.56,898.63,673.97,Onitsha,Onitsha,2246.570068359375,0.0,False
2026-11-01,Onitsha,262,287,853.7,943.56,898.63,1066.56,Port_Harcourt,Onitsha,0.0,0.0,True
2026-11-01,Onitsha,271,289,853.7,943.56,898.63,1066.56,Port_Harcourt,Onitsha,0.0,0.0,True
2026-11-01,Onitsha,273,291,853.7,943.56,898.63,1066.56,Port_Harcourt,Onitsha,0.0,0.0,True
2026-11-01,Port_Harcourt,324,341,1061.47,1524.84,1293.15,670.72,Onitsha,Port_Harcourt,6224.35009765625,1590.7099609375,True
2026-11-01,Port_Harcourt,328,342,1061.47,1524.84,1293.15,670.72,Onitsha,Port_Harcourt,6224.35009765625,1590.7099609375,True
2026-11-01,Port_Harcourt,336,343,1061.47,1524.84,1293.15,670.72,Onitsha,Port_Harcourt,6224.35009765625,1590.7099609375,True
2026-11-01,Port_Harcourt,331,344,1248.08,1524.84,1386.46,1089.17,Port_Harcourt,Port_Harcourt,2972.919921875,657.6500244140625,False
2026-12-01,Abuja,2,21,262.5,315.0,288.75,225.0,Abuja,Abuja,637.5,112.5,False
2026-12-01,Abuja,7,22,262.5,315.0,288.75,225.0,Abuja,Abuja,637.5,112.5,False
2026-12-01,Abuja,13,25,262.5,315.0,288.75,225.0,Abuja,Abuja,637.5,112.5,False
2026-12-01,Abuja,3,27,285.0,315.0,300.0,673.97,Onitsha,Abuja,0.0,0.0,True
2026-12-01,Abuja,6,28,285.0,315.0,300.0,673.97,Onitsha,Abuja,0.0,0.0,True
2026-12-01,Abuja,10,30,285.0,315.0,300.0,225.0,Abuja,Abuja,750.0,0.0,False
2026-12-01,Abuja,12,31,285.0,315.0,300.0,673.97,Onitsha,Abuja,0.0,0.0,True
2026-12-01,Abuja,15,32,285.0,315.0,300.0,673.97,Onitsha,Abuja,0.0,0.0,True
2026-12-01,Abuja,16,33,285.0,315.0,300.0,673.97,Onitsha,Abuja,0.0,0.0,True
2026-12-01,Abuja,18,35,285.0,315.0,300.0,673.97,Onitsha,Abuja,0.0,0.0,True
2026-12-01,Abuja,19,36,285.0,315.0,300.0,673.97,Onitsha,Abuja,0.0,0.0,True
2026-12-01,Bauchi,78,85,347.48,449.54,398.51,321.1,Bauchi,Bauchi,774.0999755859375,296.2200012207031,False
2026-12-01,Bauchi,75,86,406.72,449.54,428.13,673.97,Onitsha,Bauchi,0.0,0.0,True
2026-12-01,Bauchi,83,87,406.72,449.54,428.13,321.1,Bauchi,Bauchi,1070.3199462890625,0.0,False
2026-12-01,Kano,129,149,396.97,548.73,472.85,391.95,Kano,Kano,809.02001953125,497.4700012207031,False
2026-12-01,Kano,131,150,442.2,548.73,495.46,391.95,Kano,Kano,1035.1500244140625,271.3500061035156,False
2026-12-01,Kano,132,151,496.47,548.73,522.6,673.97,Onitsha,Kano,0.0,0.0,True
2026-12-01,Kano,139,152,496.47,548.73,522.6,673.97,Onitsha,Kano,0.0,0.0,True
2026-12-01,Kano,140,153,496.47,548.73,522.6,391.95,Kano,Kano,1306.5,0.0,False
2026-12-01,Kano,141,154,496.47,548.73,522.6,673.97,Onitsha,Kano,0.0,0.0,True
2026-12-01,Kano,142,155,496.47,548.73,522.6,391.95,Kano,Kano,1306.5,0.0,False
2026-12-01,Kano,143,156,496.47,548.73,522.6,673.97,Onitsha,Kano,0.0,0.0,True
2026-12-01,Kano,148,157,496.47,548.73,522.6,673.97,Onitsha,Kano,0.0,0.0,True
2026-12-01,Lagos,203,213,1162.02,1741.16,1451.59,1243.69,Lagos,Lagos,2079.06005859375,2066.570068359375,False
2026-12-01,Lagos,197,214,1166.11,1741.16,1453.64,673.97,Onitsha,Lagos,7796.64990234375,2046.1300048828125,True
2026-12-01,Lagos,206,216,1166.11,1741.16,1453.64,673.97,Onitsha,Lagos,7796.64990234375,2046.1300048828125,True
2026-12-01,Lagos,207,218,1166.11,1741.16,1453.64,673.97,Onitsha,Lagos,7796.64990234375,2046.1300048828125,True
2026-12-01,Lagos,208,219,1166.11,1741.16,1453.64,673.97,Onitsha,Lagos,7796.64990234375,2046.1300048828125,True
2026-12-01,Lagos,210,220,1166.11,1741.16,1453.64,673.97,Onitsha,Lagos,7796.64990234375,2046.1300048828125,True
2026-12-01,Lagos,212,222,1166.11,1741.16,1453.64,673.97,Onitsha,Lagos,7796.64990234375,2046.1300048828125,True
2026-12-01,Onitsha,258,277,785.61,942.1,863.85,672.93,Onitsha,Onitsha,1909.239990234375,333.8599853515625,False
2026-12-01,Onitsha,262,278,852.38,942.1,897.24,672.93,Onitsha,Onitsha,2243.10009765625,0.0,False
2026-12-01,Onitsha,269,279,852.38,942.1,897.24,672.93,Onitsha,Onitsha,2243.10009765625,0.0,False
2026-12-01,Onitsha,271,281,852.38,942.1,897.24,672.93,Onitsha,Onitsha,2243.10009765625,0.0,False
2026-12-01,Onitsha,272,282,852.38,942.1,897.24,1089.17,Port_Harcourt,Onitsha,0.0,0.0,True
2026-12-01,Onitsha,276,283,852.38,942.1,897.24,1089.17,Port_Harcourt,Onitsha,0.0,0.0,True
2026-12-01,Port_Harcourt,324,341,1076.55,1556.49,1316.52,1111.78,Port_Harcourt,Port_Harcourt,2047.3900146484375,1658.5400390625,False
2026-12-01,Port_Harcourt,328,343,1076.55,1556.49,1316.52,1111.78,Port_Harcourt,Port_Harcourt,2047.3900146484375,1658.5400390625,False
2026-12-01,Port_Harcourt,329,344,1076.69,1556.49,1316.59,1111.78,Port_Harcourt,Port_Harcourt,2048.1201171875,1657.8199462890625,False
2026-12-01,Port_Harcourt,339,345,1076.69,1556.49,1316.59,1111.78,Port_Harcourt,Port_Harcourt,2048.1201171875,1657.8199462890625,False
2026-12-01,Port_Harcourt,327,346,1078.17,1556.49,1317.33,673.97,Onitsha,Port_Harcourt,6433.60986328125,1650.4200439453125,True
2026-12-01,Port_Harcourt,330,347,1078.17,1556.49,1317.33,673.97,Onitsha,Port_Harcourt,6433.60986328125,1650.4200439453125,True
2026-12-01,Port_Harcourt,334,349,1078.17,1556.49,1317.33,673.97,Onitsha,Port_Harcourt,6433.60986328125,1650.4200439453125,True
2026-12-01,Port_Harcourt,335,351,1078.17,1556.49,1317.33,673.97,Onitsha,Port_Harcourt,6433.60986328125,1650.4200439453125,True
2026-12-01,Port_Harcourt,338,352,1078.17,1556.49,1317.33,673.97,Onitsha,Port_Harcourt,6433.60986328125,1650.4200439453125,True
2026-12-01,Port_Harcourt,340,353,1078.17,1556.49,1317.33,673.97,Onitsha,Port_Harcourt,6433.60986328125,1650.4200439453125,True
2026-12-01,Port_Harcourt,332,355,1251.85,1556.49,1404.17,1111.78,Port_Harcourt,Port_Harcourt,2923.919921875,782.02001953125,False
2026-12-01,Port_Harcourt,323,357,1274.47,1556.49,1415.48,1111.78,Port_Harcourt,Port_Harcourt,3036.97998046875,668.9500122070312,False
