date,from_city,to_city,sell_city,distance_km,agent_id,spread
2026-07-01,Abuja,Onitsha,Abuja,495,3,0.6706
2026-07-01,Abuja,Onitsha,Abuja,495,7,0.6706
2026-07-01,Abuja,Onitsha,Abuja,495,12,0.6706
2026-07-01,Abuja,Onitsha,Abuja,495,14,0.6706
2026-07-01,Abuja,Onitsha,Abuja,495,20,0.6706
2026-07-01,Bauchi,Onitsha,Bauchi,691,65,0.6769
2026-07-01,Bauchi,Onitsha,Bauchi,691,77,0.6769
2026-07-01,Bauchi,Onitsha,Bauchi,691,78,0.6769
2026-07-01,Kano,Onitsha,Kano,862,129,0.6303
2026-07-01,Kano,Onitsha,Kano,862,140,0.6303
2026-07-01,Kano,Onitsha,Kano,862,141,0.6303
2026-07-01,Lagos,Onitsha,Lagos,370,195,0.7899
2026-07-01,Lagos,Onitsha,Lagos,370,196,0.7899
2026-07-01,Lagos,Onitsha,Lagos,370,206,0.7899
2026-07-01,Onitsha,Port_Harcourt,Onitsha,171,265,0.6702
2026-07-01,Port_Harcourt,Onitsha,Port_Harcourt,171,327,0.6791
2026-07-01,Port_Harcourt,Onitsha,Port_Harcourt,171,336,0.6791
2026-08-01,Abuja,Onitsha,Abuja,495,2,0.6575
2026-08-01,Abuja,Onitsha,Abuja,495,5,0.6575
2026-08-01,Abuja,Onitsha,Abuja,495,9,0.6575
2026-08-01,Abuja,Onitsha,Abuja,495,15,0.6575
2026-08-01,Abuja,Onitsha,Abuja,495,18,0.6575
2026-08-01,Bauchi,Onitsha,Bauchi,691,66,0.6744
2026-08-01,Bauchi,Onitsha,Bauchi,691,67,0.6744
2026-08-01,Bauchi,Onitsha,Bauchi,691,71,0.6744
2026-08-01,Bauchi,Onitsha,Bauchi,691,74,0.6744
2026-08-01,Bauchi,Onitsha,Bauchi,691,76,0.6744
2026-08-01,Kano,Onitsha,Kano,862,131,0.6225
2026-08-01,Kano,Onitsha,Kano,862,137,0.6225
2026-08-01,Kano,Onitsha,Kano,862,144,0.6225
2026-08-01,Kano,Onitsha,Kano,862,145,0.6225
2026-08-01,Lagos,Onitsha,Lagos,370,194,0.8051
2026-08-01,Lagos,Onitsha,Lagos,370,197,0.8051
2026-08-01,Lagos,Onitsha,Lagos,370,199,0.8051
2026-08-01,Lagos,Onitsha,Lagos,370,201,0.8051
2026-08-01,Lagos,Onitsha,Lagos,370,203,0.8051
2026-08-01,Lagos,Onitsha,Lagos,370,205,0.8051
2026-08-01,Onitsha,Port_Harcourt,Onitsha,171,258,0.6787
2026-08-01,Onitsha,Port_Harcourt,Onitsha,171,259,0.6787
2026-08-01,Onitsha,Port_Harcourt,Onitsha,171,260,0.6787
2026-08-01,Onitsha,Port_Harcourt,Onitsha,171,261,0.6787
2026-08-01,Onitsha,Port_Harcourt,Onitsha,171,272,0.6787
2026-08-01,Onitsha,Port_Harcourt,Onitsha,171,276,0.6787
2026-08-01,Port_Harcourt,Onitsha,Port_Harcourt,171,324,0.6761
2026-08-01,Port_Harcourt,Onitsha,Port_Harcourt,171,330,0.6761
2026-08-01,Port_Harcourt,Onitsha,Port_Harcourt,171,340,0.6761
2026-09-01,Bauchi,Onitsha,Bauchi,691,68,0.6726
2026-09-01,Bauchi,Onitsha,Bauchi,691,79,0.6726
2026-09-01,Kano,Onitsha,Kano,862,130,0.622
2026-09-01,Kano,Onitsha,Kano,862,136,0.622
2026-09-01,Kano,Onitsha,Kano,862,146,0.622
2026-09-01,Kano,Onitsha,Kano,862,147,0.622
2026-09-01,Lagos,Onitsha,Lagos,370,209,0.818
2026-09-01,Onitsha,Port_Harcourt,Onitsha,171,264,0.682
2026-09-01,Onitsha,Port_Harcourt,Onitsha,171,273,0.682
2026-09-01,Onitsha,Port_Harcourt,Onitsha,171,274,0.682
2026-09-01,Port_Harcourt,Onitsha,Port_Harcourt,171,325,0.6762
2026-09-01,Port_Harcourt,Onitsha,Port_Harcourt,171,329,0.6762
2026-10-01,Abuja,Onitsha,Abuja,495,1,0.6313
2026-10-01,Abuja,Onitsha,Abuja,495,5,0.6313
2026-10-01,Abuja,Onitsha,Abuja,495,7,0.6313
2026-10-01,Abuja,Onitsha,Abuja,495,11,0.6313
2026-10-01,Bauchi,Onitsha,Bauchi,691,70,0.671
2026-10-01,Kano,Onitsha,Kano,862,131,0.6209
2026-10-01,Kano,Onitsha,Kano,862,134,0.6209
2026-10-01,Kano,Onitsha,Kano,862,139,0.6209
2026-10-01,Kano,Onitsha,Kano,862,142,0.6209
2026-10-01,Lagos,Onitsha,Lagos,370,193,0.8286
2026-10-01,Lagos,Onitsha,Lagos,370,197,0.8286
2026-10-01,Lagos,Onitsha,Lagos,370,198,0.8286
2026-10-01,Onitsha,Port_Harcourt,Onitsha,171,272,0.6843
2026-10-01,Port_Harcourt,Onitsha,Port_Harcourt,171,323,0.6763
2026-10-01,Port_Harcourt,Onitsha,Port_Harcourt,171,324,0.6763
2026-10-01,Port_Harcourt,Onitsha,Port_Harcourt,171,332,0.6763
2026-10-01,Port_Harcourt,Onitsha,Port_Harcourt,171,334,0.6763
2026-10-01,Port_Harcourt,Onitsha,Port_Harcourt,171,338,0.6763
2026-11-01,Abuja,Onitsha,Abuja,495,2,0.6191
2026-11-01,Abuja,Onitsha,Abuja,495,10,0.6191
2026-11-01,Abuja,Onitsha,Abuja,495,15,0.6191
2026-11-01,Bauchi,Onitsha,Bauchi,691,68,0.6697
2026-11-01,Bauchi,Onitsha,Bauchi,691,71,0.6697
2026-11-01,Bauchi,Onitsha,Bauchi,691,76,0.6697
2026-11-01,Bauchi,Onitsha,Bauchi,691,77,0.6697
2026-11-01,Bauchi,Onitsha,Bauchi,691,82,0.6697
2026-11-01,Kano,Onitsha,Kano,862,132,0.6215
2026-11-01,Kano,Onitsha,Kano,862,133,0.6215
2026-11-01,Kano,Onitsha,Kano,862,140,0.6215
2026-11-01,Kano,Onitsha,Kano,862,146,0.6215
2026-11-01,Lagos,Onitsha,Lagos,370,196,0.8382
2026-11-01,Lagos,Onitsha,Lagos,370,201,0.8382
2026-11-01,Lagos,Onitsha,Lagos,370,202,0.8382
2026-11-01,Lagos,Onitsha,Lagos,370,206,0.8382
2026-11-01,Lagos,Onitsha,Lagos,370,208,0.8382
2026-11-01,Onitsha,Port_Harcourt,Onitsha,171,257,0.6855
2026-11-01,Onitsha,Port_Harcourt,Onitsha,171,259,0.6855
2026-11-01,Onitsha,Port_Harcourt,Onitsha,171,265,0.6855
2026-11-01,Onitsha,Port_Harcourt,Onitsha,171,268,0.6855
2026-11-01,Onitsha,Port_Harcourt,Onitsha,171,274,0.6855
2026-11-01,Port_Harcourt,Onitsha,Port_Harcourt,171,327,0.6773
2026-11-01,Port_Harcourt,Onitsha,Port_Harcourt,171,331,0.6773
2026-12-01,Abuja,Onitsha,Abuja,495,3,0.6083
2026-12-01,Abuja,Onitsha,Abuja,495,5,0.6083
2026-12-01,Abuja,Onitsha,Abuja,495,11,0.6083
2026-12-01,Abuja,Onitsha,Abuja,495,17,0.6083
2026-12-01,Bauchi,Onitsha,Bauchi,691,75,0.6699
2026-12-01,Bauchi,Onitsha,Bauchi,691,78,0.6699
2026-12-01,Kano,Onitsha,Kano,862,129,0.6223
2026-12-01,Kano,Onitsha,Kano,862,130,0.6223
2026-12-01,Kano,Onitsha,Kano,862,134,0.6223
2026-12-01,Kano,Onitsha,Kano,862,139,0.6223
2026-12-01,Kano,Onitsha,Kano,862,145,0.6223
2026-12-01,Kano,Onitsha,Kano,862,148,0.6223
2026-12-01,Lagos,Onitsha,Lagos,370,194,0.8468
2026-12-01,Lagos,Onitsha,Lagos,370,197,0.8468
2026-12-01,Lagos,Onitsha,Lagos,370,200,0.8468
2026-12-01,Lagos,Onitsha,Lagos,370,203,0.8468
2026-12-01,Lagos,Onitsha,Lagos,370,210,0.8468
2026-12-01,Onitsha,Port_Harcourt,Onitsha,171,275,0.6858
2026-12-01,Port_Harcourt,Onitsha,Port_Harcourt,171,322,0.6763
2026-12-01,Port_Harcourt,Onitsha,Port_Harcourt,171,326,0.6763
2026-12-01,Port_Harcourt,Onitsha,Port_Harcourt,171,330,0.6763
2026-12-01,Port_Harcourt,Onitsha,Port_Harcourt,171,336,0.6763
